Question,Answer
pancreatic cancer,Pancreatic cancer is a disease in which malignant (cancer) cells form in the tissues of the pancreas.
symptom pancreatic cancer,"Symptoms include jaundice, abdominal pain, weight loss, nausea, and new-onset diabetes."
common pancreatic cancer,Pancreatic cancer is the 12th most common cancer worldwide but has one of the lowest survival rates.
cause pancreatic cancer,"The exact cause is unknown, but risk factors include smoking, obesity, chronic pancreatitis, and genetic mutations."
pancreatic cancer prevented,"While not entirely preventable, reducing risk factors like smoking, obesity, and maintaining a healthy diet may help."
pancreatic cancer hereditary,About 10% of cases are hereditary. Genetic testing can help assess risk in families with a history of the disease.
pancreatic cancer diagnosed,"Diagnosis includes imaging tests like CT, MRI, and PET scans, along with biopsy and tumor marker tests."
role ca 199 pancreatic cancer,CA 19-9 is a tumor marker that can help monitor pancreatic cancer but is not reliable for early diagnosis.
pancreatic cancer cured,"It can be cured if detected early and surgically removed, but most cases are diagnosed at an advanced stage."
treatment option pancreatic cancer,"Treatments include surgery, chemotherapy, radiation therapy, targeted therapy, and immunotherapy."
survival rate pancreatic cancer,The five-year survival rate is around 10% but varies depending on the stage at diagnosis.
early sign pancreatic cancer,"Early signs may include unexplained weight loss, digestive issues, back pain, and jaundice."
whipple procedure,"The Whipple procedure is a surgery to remove part of the pancreas, small intestine, gallbladder, and bile duct."
diabetes sign pancreatic cancer,"Yes, sudden onset diabetes, especially in older adults, can sometimes be an early indicator of pancreatic cancer."
link smoking pancreatic cancer,Smoking is a major risk factor and increases the risk of pancreatic cancer by about two to three times.
obesity affect pancreatic cancer risk,"Obesity is linked to a higher risk of pancreatic cancer, likely due to inflammation and insulin resistance."
pancreatic cyst turn cancer,"Some pancreatic cysts, like mucinous cysts, have the potential to become cancerous over time."
function pancreas,The pancreas produces insulin to regulate blood sugar and digestive enzymes to help break down food.
pancreatic adenocarcinoma,"Pancreatic adenocarcinoma is the most common type of pancreatic cancer, arising from exocrine cells."
neuroendocrine pancreatic tumor,These are rare tumors that arise from hormone-producing cells in the pancreas and may grow slower than adenocarcinoma.
pancreatic cancer spread,"It can spread through the lymphatic system, blood, and nearby organs such as the liver and lungs."
screening test pancreatic cancer,"Currently, there are no standard screening tests, but high-risk individuals may undergo imaging tests."
food increase pancreatic cancer risk,"Diets high in red and processed meats, fried foods, and sugary drinks may increase the risk."
food help lower pancreatic cancer risk,"A diet rich in fruits, vegetables, whole grains, and lean proteins may help lower the risk."
palliative care pancreatic cancer,Palliative care focuses on symptom relief and improving quality of life for patients with advanced cancer.
pancreatic cancer cause digestive problem,"Yes, it can interfere with digestion by blocking bile ducts and affecting enzyme production."
pancreatic cancer cause jaundice,"It blocks the bile duct, causing bile to build up in the blood, leading to yellowing of the skin and eyes."
alcohol increase pancreatic cancer risk,"Heavy alcohol consumption can lead to chronic pancreatitis, which increases the risk of pancreatic cancer."
connection pancreatitis pancreatic cancer,Chronic pancreatitis is a significant risk factor for developing pancreatic cancer over time.
genetic test pancreatic cancer,"Yes, genetic testing can identify inherited mutations like BRCA1, BRCA2, and PALB2 linked to pancreatic cancer."
pancreatic cancer affect blood sugar level,It can cause diabetes by damaging insulin-producing cells in the pancreas.
pancreatic cancer treated immunotherapy,Immunotherapy is being studied for pancreatic cancer but is not yet a standard treatment.
role radiation therapy play treating pancreatic cancer,Radiation therapy helps shrink tumors and may be used before or after surgery.
targeted therapy pancreatic cancer,Targeted therapy uses drugs that specifically attack cancer cells with certain mutations.
pancreatic cancer cause depression anxiety,"Yes, many patients experience emotional distress due to the diagnosis and treatment challenges."
vaccine pancreatic cancer,"There is no approved vaccine, but researchers are studying potential vaccines in clinical trials."
role clinical trial pancreatic cancer treatment,"Clinical trials test new treatments, offering patients access to experimental therapies."
family member support someone pancreatic cancer,"Providing emotional support, helping with medical appointments, and assisting with daily tasks can be beneficial."
difference benign malignant pancreatic tumor,"Benign tumors do not spread and are not cancerous, while malignant tumors grow uncontrollably and can spread."
pancreatic cancer detected early,"Early detection is difficult, but high-risk individuals may undergo screening with imaging tests."
risk factor pancreatic cancer,"Risk factors include smoking, obesity, chronic pancreatitis, diabetes, and genetic mutations."
chronic pancreatitis relate pancreatic cancer,Chronic inflammation in the pancreas increases the risk of cancer development over time.
pancreatic cancer cause weight loss,"Yes, unintended weight loss is a common symptom due to metabolism changes and appetite loss."
impact pancreatic cancer digestion,"It can reduce enzyme production, leading to poor digestion and malabsorption of nutrients."
pancreatic cyst always cancerous,"No, most pancreatic cysts are benign, but some can become cancerous over time."
pancreatic cancer affect liver function,"It can spread to the liver, causing dysfunction and symptoms like jaundice and bloating."
pancreatic biopsy,A biopsy involves taking a tissue sample from the pancreas to confirm the presence of cancer.
role endoscopic ultrasound diagnosis,Endoscopic ultrasound (EUS) helps visualize the pancreas and guide biopsies.
pancreatic cancer cause fatigue,"Yes, cancer-related fatigue is common due to metabolic changes, weight loss, and treatment side effects."
pancreatic cancer affect bowel movement,"Yes, it can cause diarrhea, constipation, or pale-colored stools due to bile duct obstruction."
stress increase risk pancreatic cancer,"There is no direct link, but chronic stress can contribute to unhealthy lifestyle choices that increase risk."
distal pancreatectomy,"A distal pancreatectomy is a surgery to remove the body and tail of the pancreas, often for tumors in those areas."
total pancreatectomy,"A total pancreatectomy removes the entire pancreas and part of nearby organs, leading to lifelong diabetes."
pancreatic cancer cause blood clot,"Yes, pancreatic cancer increases the risk of deep vein thrombosis (DVT) and other clotting disorders."
pancreatic cancer affect appetite,"It can cause loss of appetite due to metabolic changes, nausea, and digestion problems."
connection brca mutation pancreatic cancer,"BRCA1 and BRCA2 mutations increase the risk of pancreatic cancer, especially in families with a history of the disease."
pancreatic cancer spread brain,"Though rare, advanced pancreatic cancer can metastasize to the brain."
role aspirin pancreatic cancer prevention,"Some studies suggest aspirin use may lower the risk, but more research is needed."
role bile digestion,"Bile helps break down fats, and its obstruction in pancreatic cancer can cause digestive issues."
pancreatic cancer cause high blood sugar level,"Yes, pancreatic tumors can interfere with insulin production, leading to diabetes."
best diet pancreatic cancer patient,"A low-fat, high-protein diet with small, frequent meals and enzyme supplements is often recommended."
pancreatic cancer affect kidney function,"Yes, advanced pancreatic cancer can impact kidney function due to dehydration and metabolic changes."
pancreatic cancer affect mental health,"Many patients experience anxiety, depression, and emotional distress due to their diagnosis."
pancreatic cancer cause skin itching,"Yes, bile duct obstruction can lead to jaundice and severe itching."
vaccine available prevent pancreatic cancer,"No, but research is ongoing to develop vaccines for pancreatic cancer prevention and treatment."
pancreatic cancer cause difficulty swallowing,"Yes, tumors pressing on the digestive tract can lead to swallowing difficulties."
doctor determine pancreatic cancer stage,"Staging is based on tumor size, lymph node involvement, and metastasis using imaging tests and biopsies."
role gastroenterologist pancreatic cancer,A gastroenterologist helps diagnose and manage symptoms related to digestion and the pancreas.
pancreatic cancer cause fluid buildup abdomen,"Yes, advanced pancreatic cancer can lead to ascites, causing fluid accumulation in the abdomen."
surgery always option pancreatic cancer,"No, only patients with localized tumors may qualify for surgery. Advanced cases are treated with other methods."
stereotactic body radiation therapy sbrt,SBRT is a precise form of radiation therapy used to target pancreatic tumors with minimal damage to nearby tissues.
herbal remedy cure pancreatic cancer,"No, but some herbs may help with symptom management. Always consult a doctor before using alternative treatments."
aggressive form pancreatic cancer,Pancreatic adenocarcinoma is the most aggressive and common form of pancreatic cancer.
pancreatic cancer cause blocked stomach,"Yes, tumors can block the stomach outlet, causing nausea and vomiting."
pancreatic cancer return treatment,"Yes, pancreatic cancer has a high recurrence rate, even after successful treatment."
pancreatic cancer cause back pain,"The tumor may press on nerves or nearby organs, causing persistent back pain."
role nanotechnology pancreatic cancer treatment,Nanotechnology is being researched for targeted drug delivery to pancreatic tumors.
pancreatic cancer affect gallbladder,"Yes, bile duct obstruction can cause gallbladder swelling and inflammation."
